State,Abbreviation,FIPS,Year,Annual Change (%),HPI,HPI with 1990 base,HPI with 2000 base,Unnamed: 8
Alabama,AL,1,2000,3.26,282.57,137.86,100.0,
Alabama,AL,1,2001,4.15,294.28,143.58,104.15,
Alabama,AL,1,2002,2.16,300.64,146.68,106.39,
Alabama,AL,1,2003,2.3,307.54,150.04,108.84,
Alabama,AL,1,2004,3.32,317.76,155.03,112.45,
Alabama,AL,1,2005,6.87,339.6,165.69,120.18,
Alabama,AL,1,2006,7.88,366.35,178.74,129.65,
Alabama,AL,1,2007,4.12,381.43,186.1,134.99,
Alabama,AL,1,2008,0.84,384.65,187.66,136.13,
Alabama,AL,1,2009,-2.33,375.67,183.29,132.95,
Alabama,AL,1,2010,-4.42,359.08,175.19,127.08,
Alabama,AL,1,2011,-3.38,346.95,169.27,122.78,
Alabama,AL,1,2012,-1.55,341.58,166.65,120.89,
Alabama,AL,1,2013,-0.56,339.66,165.72,120.2,
Alabama,AL,1,2014,1.31,344.12,167.89,121.78,
Alabama,AL,1,2015,2.32,352.11,171.79,124.61,
Alaska,AK,2,2000,2.27,262.04,150.08,100.0,
Alaska,AK,2,2001,4.93,274.96,157.48,104.93,
Alaska,AK,2,2002,4.47,287.25,164.52,109.62,
Alaska,AK,2,2003,3.31,296.76,169.97,113.25,
Alaska,AK,2,2004,10.29,327.3,187.46,124.9,
Alaska,AK,2,2005,12.72,368.92,211.3,140.79,
Alaska,AK,2,2006,10.03,405.92,232.49,154.91,
Alaska,AK,2,2007,3.41,419.76,240.42,160.19,
Alaska,AK,2,2008,-0.4,418.08,239.45,159.55,
Alaska,AK,2,2009,-1.35,412.44,236.22,157.39,
Alaska,AK,2,2010,-0.46,410.53,235.13,156.67,
Alaska,AK,2,2011,0.41,412.21,236.09,157.31,
Alaska,AK,2,2012,0.23,413.17,236.64,157.67,
Alaska,AK,2,2013,2.61,423.94,242.81,161.78,
Alaska,AK,2,2014,2.48,434.47,248.84,165.8,
Alaska,AK,2,2015,3.09,447.91,256.54,170.93,
Arizona,AZ,4,2000,6.97,342.01,148.98,100.0,
Arizona,AZ,4,2001,6.02,362.62,157.95,106.02,
Arizona,AZ,4,2002,4.88,380.32,165.67,111.2,
Arizona,AZ,4,2003,3.94,395.3,172.19,115.58,
Arizona,AZ,4,2004,11.8,441.93,192.5,129.21,
Arizona,AZ,4,2005,31.69,581.97,253.5,170.16,
Arizona,AZ,4,2006,17.88,686.02,298.83,200.59,
Arizona,AZ,4,2007,-1.19,677.89,295.29,198.21,
Arizona,AZ,4,2008,-12.15,595.5,259.4,174.12,
Arizona,AZ,4,2009,-18.53,485.12,211.32,141.84,
Arizona,AZ,4,2010,-13.12,421.48,183.6,123.24,
Arizona,AZ,4,2011,-10.77,376.08,163.82,109.96,
Arizona,AZ,4,2012,4.3,392.23,170.86,114.68,
Arizona,AZ,4,2013,12.16,439.92,191.63,128.63,
Arizona,AZ,4,2014,10.34,485.4,211.44,141.93,
Arizona,AZ,4,2015,5.63,512.73,223.34,149.92,
Arkansas,AR,5,2000,2.99,279.18,137.4,100.0,
Arkansas,AR,5,2001,4.58,291.97,143.7,104.58,
Arkansas,AR,5,2002,2.69,299.82,147.56,107.39,
Arkansas,AR,5,2003,2.56,307.5,151.34,110.15,
Arkansas,AR,5,2004,5.62,324.77,159.84,116.33,
Arkansas,AR,5,2005,7.24,348.27,171.41,124.75,
Arkansas,AR,5,2006,5.91,368.85,181.54,132.12,
Arkansas,AR,5,2007,2.5,378.07,186.08,135.42,
Arkansas,AR,5,2008,-0.5,376.19,185.15,134.75,
Arkansas,AR,5,2009,-2.0,368.65,181.44,132.05,
Arkansas,AR,5,2010,-2.92,357.87,176.13,128.19,
Arkansas,AR,5,2011,-1.65,351.98,173.23,126.08,
Arkansas,AR,5,2012,-0.22,351.2,172.85,125.8,
Arkansas,AR,5,2013,1.21,355.45,174.94,127.32,
Arkansas,AR,5,2014,1.5,360.77,177.56,129.23,
Arkansas,AR,5,2015,2.28,368.99,181.6,132.17,
California,CA,6,2000,14.11,606.75,117.25,100.0,
California,CA,6,2001,12.06,679.92,131.39,112.06,
California,CA,6,2002,10.5,751.34,145.19,123.83,
California,CA,6,2003,9.9,825.74,159.57,136.09,
California,CA,6,2004,20.84,997.84,192.83,164.46,
California,CA,6,2005,25.96,1256.88,242.89,207.15,
California,CA,6,2006,10.46,1388.33,268.29,228.82,
California,CA,6,2007,-4.53,1325.4,256.13,218.44,
California,CA,6,2008,-19.76,1063.49,205.52,175.28,
California,CA,6,2009,-15.19,901.9,174.29,148.64,
California,CA,6,2010,-3.33,871.83,168.48,143.69,
California,CA,6,2011,-5.94,820.03,158.47,135.15,
California,CA,6,2012,-0.28,817.76,158.03,134.78,
California,CA,6,2013,10.51,903.68,174.63,148.94,
California,CA,6,2014,14.05,1030.62,199.17,169.86,
California,CA,6,2015,5.77,1090.07,210.65,179.66,
Colorado,CO,8,2000,13.33,479.9,201.14,100.0,
Colorado,CO,8,2001,8.16,519.07,217.55,108.16,
Colorado,CO,8,2002,4.2,540.89,226.7,112.71,
Colorado,CO,8,2003,0.86,545.54,228.65,113.68,
Colorado,CO,8,2004,3.01,561.98,235.54,117.1,
Colorado,CO,8,2005,5.03,590.26,247.39,123.0,
Colorado,CO,8,2006,3.46,610.67,255.94,127.25,
Colorado,CO,8,2007,0.83,615.75,258.07,128.31,
Colorado,CO,8,2008,-1.11,608.93,255.21,126.89,
Colorado,CO,8,2009,-1.64,598.94,251.03,124.81,
Colorado,CO,8,2010,-4.15,574.08,240.61,119.62,
Colorado,CO,8,2011,-3.24,555.46,232.81,115.75,
Colorado,CO,8,2012,0.76,559.7,234.58,116.63,
Colorado,CO,8,2013,5.35,589.63,247.13,122.87,
Colorado,CO,8,2014,9.19,643.81,269.83,134.15,
Colorado,CO,8,2015,9.6,705.63,295.74,147.04,
Connecticut,CT,9,2000,9.33,430.57,106.78,100.0,
Connecticut,CT,9,2001,7.91,464.61,115.22,107.91,
Connecticut,CT,9,2002,8.57,504.41,125.09,117.15,
Connecticut,CT,9,2003,6.19,535.63,132.84,124.4,
Connecticut,CT,9,2004,11.32,596.24,147.87,138.48,
Connecticut,CT,9,2005,12.59,671.32,166.49,155.91,
Connecticut,CT,9,2006,5.86,710.69,176.25,165.06,
Connecticut,CT,9,2007,-0.02,710.59,176.23,165.03,
Connecticut,CT,9,2008,-3.65,684.62,169.79,159.0,
Connecticut,CT,9,2009,-7.27,634.86,157.45,147.45,
Connecticut,CT,9,2010,-4.09,608.89,151.01,141.42,
Connecticut,CT,9,2011,-3.63,586.77,145.52,136.28,
Connecticut,CT,9,2012,-2.99,569.25,141.17,132.21,
Connecticut,CT,9,2013,-0.77,564.89,140.09,131.2,
Connecticut,CT,9,2014,-0.05,564.62,140.03,131.13,
Connecticut,CT,9,2015,1.3,571.96,141.85,132.84,
Delaware,DE,10,2000,6.64,326.86,116.51,100.0,
Delaware,DE,10,2001,7.05,349.89,124.71,107.05,
Delaware,DE,10,2002,7.07,374.61,133.53,114.61,
Delaware,DE,10,2003,6.59,399.31,142.33,122.16,
Delaware,DE,10,2004,13.1,451.62,160.97,138.17,
Delaware,DE,10,2005,16.08,524.23,186.86,160.38,
Delaware,DE,10,2006,8.98,571.33,203.64,174.79,
Delaware,DE,10,2007,2.51,585.65,208.75,179.17,
Delaware,DE,10,2008,-3.01,568.04,202.47,173.79,
Delaware,DE,10,2009,-6.67,530.15,188.96,162.19,
Delaware,DE,10,2010,-4.82,504.61,179.86,154.38,
Delaware,DE,10,2011,-5.59,476.39,169.8,145.75,
Delaware,DE,10,2012,-2.87,462.7,164.92,141.56,
Delaware,DE,10,2013,0.77,466.25,166.19,142.64,
Delaware,DE,10,2014,2.34,477.18,170.08,145.99,
Delaware,DE,10,2015,2.23,487.82,173.87,149.24,
District of Columbia,DC,11,2000,14.99,492.74,127.96,100.0,
District of Columbia,DC,11,2001,16.23,572.73,148.73,116.23,
District of Columbia,DC,11,2002,14.01,652.97,169.56,132.52,
District of Columbia,DC,11,2003,10.41,720.92,187.21,146.31,
District of Columbia,DC,11,2004,18.27,852.63,221.41,173.04,
District of Columbia,DC,11,2005,24.92,1065.07,276.58,216.15,
District of Columbia,DC,11,2006,11.88,1191.61,309.44,241.83,
District of Columbia,DC,11,2007,2.68,1223.53,317.72,248.31,
District of Columbia,DC,11,2008,-5.78,1152.83,299.37,233.96,
District of Columbia,DC,11,2009,-5.61,1088.16,282.57,220.84,
District of Columbia,DC,11,2010,-0.01,1088.05,282.54,220.81,
District of Columbia,DC,11,2011,1.03,1099.25,285.45,223.09,
District of Columbia,DC,11,2012,3.18,1134.21,294.53,230.18,
District of Columbia,DC,11,2013,6.97,1213.25,315.06,246.22,
District of Columbia,DC,11,2014,9.29,1325.99,344.33,269.1,
District of Columbia,DC,11,2015,5.64,1400.71,363.74,284.27,
Florida,FL,12,2000,7.88,281.81,133.34,100.0,
Florida,FL,12,2001,9.65,309.01,146.2,109.65,
Florida,FL,12,2002,9.25,337.59,159.73,119.79,
Florida,FL,12,2003,8.46,366.15,173.24,129.93,
Florida,FL,12,2004,16.34,425.97,201.54,151.15,
Florida,FL,12,2005,27.01,541.04,255.99,191.99,
Florida,FL,12,2006,16.0,627.63,296.96,222.71,
Florida,FL,12,2007,-2.86,609.7,288.47,216.35,
Florida,FL,12,2008,-15.56,514.82,243.58,182.68,
Florida,FL,12,2009,-17.75,423.44,200.35,150.26,
Florida,FL,12,2010,-9.9,381.52,180.51,135.38,
Florida,FL,12,2011,-7.31,353.64,167.32,125.49,
Florida,FL,12,2012,-1.04,349.98,165.59,124.19,
Florida,FL,12,2013,7.44,376.01,177.91,133.43,
Florida,FL,12,2014,10.41,415.17,196.43,147.32,
Florida,FL,12,2015,8.91,452.15,213.93,160.44,
Georgia,GA,13,2000,7.15,311.51,142.35,100.0,
Georgia,GA,13,2001,6.11,330.55,151.05,106.11,
Georgia,GA,13,2002,3.68,342.7,156.6,110.01,
Georgia,GA,13,2003,2.08,349.84,159.87,112.3,
Georgia,GA,13,2004,4.16,364.38,166.51,116.97,
Georgia,GA,13,2005,5.46,384.27,175.6,123.35,
Georgia,GA,13,2006,4.64,402.09,183.74,129.08,
Georgia,GA,13,2007,2.41,411.8,188.18,132.19,
Georgia,GA,13,2008,-1.98,403.67,184.46,129.58,
Georgia,GA,13,2009,-4.96,383.63,175.31,123.15,
Georgia,GA,13,2010,-8.31,351.73,160.73,112.91,
Georgia,GA,13,2011,-7.52,325.3,148.65,104.42,
Georgia,GA,13,2012,-5.06,308.85,141.14,99.14,
Georgia,GA,13,2013,3.79,320.54,146.48,102.9,
Georgia,GA,13,2014,7.77,345.46,157.87,110.9,
Georgia,GA,13,2015,5.83,365.59,167.06,117.36,
Hawaii,HI,15,2000,3.05,412.48,97.07,100.0,
Hawaii,HI,15,2001,7.52,443.48,104.36,107.52,
Hawaii,HI,15,2002,6.75,473.42,111.41,114.77,
Hawaii,HI,15,2003,9.35,517.68,121.82,125.5,
Hawaii,HI,15,2004,20.87,625.7,147.24,151.69,
Hawaii,HI,15,2005,26.56,791.88,186.35,191.98,
Hawaii,HI,15,2006,14.69,908.23,213.73,220.19,
Hawaii,HI,15,2007,1.74,924.04,217.45,224.02,
Hawaii,HI,15,2008,-3.79,888.98,209.2,215.52,
Hawaii,HI,15,2009,-10.45,796.08,187.34,193.0,
Hawaii,HI,15,2010,-4.27,762.1,179.34,184.76,
Hawaii,HI,15,2011,-1.82,748.24,176.08,181.4,
Hawaii,HI,15,2012,0.7,753.47,177.31,182.67,
Hawaii,HI,15,2013,4.44,786.89,185.18,190.77,
Hawaii,HI,15,2014,7.83,848.47,199.67,205.7,
Hawaii,HI,15,2015,5.45,894.68,210.54,216.9,
Idaho,ID,16,2000,2.19,304.03,154.18,100.0,
Idaho,ID,16,2001,4.38,317.36,160.94,104.38,
Idaho,ID,16,2002,2.48,325.23,164.93,106.97,
Idaho,ID,16,2003,2.52,333.44,169.1,109.67,
Idaho,ID,16,2004,6.72,355.85,180.46,117.04,
Idaho,ID,16,2005,15.75,411.91,208.89,135.48,
Idaho,ID,16,2006,16.66,480.54,243.7,158.06,
Idaho,ID,16,2007,5.44,506.67,256.95,166.65,
Idaho,ID,16,2008,-2.14,495.81,251.44,163.08,
Idaho,ID,16,2009,-7.48,458.72,232.63,150.88,
Idaho,ID,16,2010,-10.6,410.11,207.98,134.89,
Idaho,ID,16,2011,-8.71,374.4,189.87,123.14,
Idaho,ID,16,2012,0.16,374.99,190.17,123.34,
Idaho,ID,16,2013,5.19,394.46,200.04,129.74,
Idaho,ID,16,2014,6.87,421.56,213.79,138.66,
Idaho,ID,16,2015,5.75,445.82,226.09,146.64,
Illinois,IL,17,2000,6.97,370.33,141.66,100.0,
Illinois,IL,17,2001,5.59,391.03,149.57,105.59,
Illinois,IL,17,2002,4.95,410.39,156.98,110.81,
Illinois,IL,17,2003,3.56,424.99,162.57,114.76,
Illinois,IL,17,2004,7.67,457.57,175.03,123.56,
Illinois,IL,17,2005,9.15,499.47,191.06,134.87,
Illinois,IL,17,2006,5.76,528.21,202.05,142.63,
Illinois,IL,17,2007,1.29,535.03,204.66,144.47,
Illinois,IL,17,2008,-3.0,519.0,198.53,140.14,
Illinois,IL,17,2009,-8.3,475.91,182.04,128.51,
Illinois,IL,17,2010,-6.36,445.64,170.47,120.33,
Illinois,IL,17,2011,-5.25,422.26,161.52,114.02,
Illinois,IL,17,2012,-2.8,410.45,157.0,110.83,
Illinois,IL,17,2013,0.19,411.21,157.3,111.04,
Illinois,IL,17,2014,3.72,426.51,163.15,115.17,
Illinois,IL,17,2015,2.98,439.23,168.01,118.6,
Indiana,IN,18,2000,3.77,326.56,144.57,100.0,
Indiana,IN,18,2001,4.23,340.36,150.68,104.23,
Indiana,IN,18,2002,1.96,347.03,153.63,106.27,
Indiana,IN,18,2003,1.34,351.69,155.69,107.69,
Indiana,IN,18,2004,2.39,360.1,159.41,110.27,
Indiana,IN,18,2005,3.53,372.81,165.04,114.16,
Indiana,IN,18,2006,1.83,379.64,168.06,116.25,
Indiana,IN,18,2007,1.11,383.87,169.94,117.55,
Indiana,IN,18,2008,-0.63,381.45,168.86,116.81,
Indiana,IN,18,2009,-2.2,373.05,165.14,114.23,
Indiana,IN,18,2010,-2.47,363.84,161.07,111.42,
Indiana,IN,18,2011,-1.86,357.08,158.08,109.34,
Indiana,IN,18,2012,-0.57,355.06,157.18,108.73,
Indiana,IN,18,2013,0.95,358.41,158.67,109.75,
Indiana,IN,18,2014,2.4,367.03,162.48,112.39,
Indiana,IN,18,2015,3.27,379.01,167.79,116.06,
Iowa,IA,19,2000,4.9,293.94,156.09,100.0,
Iowa,IA,19,2001,4.66,307.63,163.36,104.66,
Iowa,IA,19,2002,2.81,316.27,167.94,107.6,
Iowa,IA,19,2003,2.3,323.53,171.8,110.07,
Iowa,IA,19,2004,4.27,337.33,179.12,114.76,
Iowa,IA,19,2005,4.78,353.46,187.69,120.25,
Iowa,IA,19,2006,2.86,363.56,193.06,123.69,
Iowa,IA,19,2007,1.81,370.12,196.54,125.92,
Iowa,IA,19,2008,0.41,371.65,197.35,126.44,
Iowa,IA,19,2009,-0.55,369.62,196.27,125.75,
Iowa,IA,19,2010,-1.02,365.86,194.28,124.47,
Iowa,IA,19,2011,-0.62,363.6,193.08,123.7,
Iowa,IA,19,2012,0.46,365.28,193.97,124.27,
Iowa,IA,19,2013,1.39,370.34,196.66,125.99,
Iowa,IA,19,2014,2.34,379.01,201.26,128.94,
Iowa,IA,19,2015,2.67,389.13,206.64,132.39,
Kansas,KS,20,2000,5.93,278.89,148.83,100.0,
Kansas,KS,20,2001,4.81,292.3,155.99,104.81,
Kansas,KS,20,2002,3.46,302.42,161.39,108.44,
Kansas,KS,20,2003,1.95,308.32,164.54,110.55,
Kansas,KS,20,2004,3.95,320.51,171.04,114.92,
Kansas,KS,20,2005,4.48,334.87,178.71,120.07,
Kansas,KS,20,2006,3.36,346.12,184.71,124.11,
Kansas,KS,20,2007,2.21,353.78,188.8,126.85,
Kansas,KS,20,2008,-0.3,352.72,188.23,126.47,
Kansas,KS,20,2009,-1.15,348.67,186.07,125.02,
Kansas,KS,20,2010,-1.19,344.52,183.85,123.53,
Kansas,KS,20,2011,-1.72,338.61,180.7,121.41,
Kansas,KS,20,2012,-0.5,336.92,179.8,120.81,
Kansas,KS,20,2013,0.91,339.97,181.43,121.9,
Kansas,KS,20,2014,2.84,349.62,186.57,125.36,
Kansas,KS,20,2015,3.04,360.25,192.25,129.17,
Kentucky,KY,21,2000,5.05,325.09,149.23,100.0,
Kentucky,KY,21,2001,4.16,338.61,155.43,104.16,
Kentucky,KY,21,2002,2.59,347.36,159.45,106.85,
Kentucky,KY,21,2003,2.39,355.68,163.27,109.41,
Kentucky,KY,21,2004,4.29,370.94,170.28,114.1,
Kentucky,KY,21,2005,5.17,390.11,179.08,120.0,
Kentucky,KY,21,2006,3.29,402.96,184.98,123.95,
Kentucky,KY,21,2007,2.04,411.17,188.75,126.48,
Kentucky,KY,21,2008,0.5,413.24,189.7,127.12,
Kentucky,KY,21,2009,-1.55,406.86,186.76,125.15,
Kentucky,KY,21,2010,-1.37,401.29,184.21,123.44,
Kentucky,KY,21,2011,-1.52,395.21,181.42,121.57,
Kentucky,KY,21,2012,-0.09,394.85,181.25,121.46,
Kentucky,KY,21,2013,0.58,397.14,182.3,122.16,
Kentucky,KY,21,2014,1.66,403.73,185.33,124.19,
Kentucky,KY,21,2015,3.02,415.94,190.93,127.94,
Louisiana,LA,22,2000,4.15,293.98,152.89,100.0,
Louisiana,LA,22,2001,4.54,307.31,159.82,104.54,
Louisiana,LA,22,2002,3.24,317.26,165.0,107.92,
Louisiana,LA,22,2003,3.39,328.02,170.6,111.58,
Louisiana,LA,22,2004,5.19,345.05,179.45,117.37,
Louisiana,LA,22,2005,6.57,367.73,191.25,125.09,
Louisiana,LA,22,2006,11.13,408.66,212.54,139.01,
Louisiana,LA,22,2007,4.68,427.77,222.47,145.51,
Louisiana,LA,22,2008,0.18,428.53,222.87,145.77,
Louisiana,LA,22,2009,-1.39,422.59,219.78,143.75,
Louisiana,LA,22,2010,-1.59,415.88,216.29,141.47,
Louisiana,LA,22,2011,-1.26,410.66,213.57,139.69,
Louisiana,LA,22,2012,0.53,412.84,214.71,140.43,
Louisiana,LA,22,2013,1.26,418.05,217.42,142.2,
Louisiana,LA,22,2014,2.64,429.1,223.16,145.96,
Louisiana,LA,22,2015,3.17,442.7,230.24,150.59,
Maine,ME,23,2000,9.82,394.15,118.04,100.0,
Maine,ME,23,2001,8.85,429.01,128.48,108.85,
Maine,ME,23,2002,8.63,466.02,139.57,118.23,
Maine,ME,23,2003,6.64,496.98,148.84,126.09,
Maine,ME,23,2004,12.01,556.68,166.72,141.24,
Maine,ME,23,2005,11.4,620.13,185.72,157.33,
Maine,ME,23,2006,4.18,646.05,193.48,163.91,
Maine,ME,23,2007,0.94,652.12,195.3,165.45,
Maine,ME,23,2008,-1.34,643.4,192.69,163.24,
Maine,ME,23,2009,-5.65,607.06,181.8,154.02,
Maine,ME,23,2010,-4.0,582.79,174.54,147.86,
Maine,ME,23,2011,-1.98,571.27,171.09,144.94,
Maine,ME,23,2012,-2.38,557.66,167.01,141.48,
Maine,ME,23,2013,0.72,561.66,168.21,142.5,
Maine,ME,23,2014,1.74,571.41,171.13,144.97,
Maine,ME,23,2015,2.41,585.17,175.25,148.46,
Maryland,MD,24,2000,6.7,373.3,118.07,100.0,
Maryland,MD,24,2001,7.84,402.58,127.34,107.84,
Maryland,MD,24,2002,9.72,441.7,139.71,118.32,
Maryland,MD,24,2003,7.83,476.27,150.65,127.59,
Maryland,MD,24,2004,17.35,558.93,176.79,149.73,
Maryland,MD,24,2005,22.68,685.7,216.89,183.69,
Maryland,MD,24,2006,12.57,771.87,244.15,206.77,
Maryland,MD,24,2007,1.62,784.35,248.09,210.11,
Maryland,MD,24,2008,-6.26,735.26,232.57,196.97,
Maryland,MD,24,2009,-11.17,653.13,206.59,174.96,
Maryland,MD,24,2010,-5.35,618.18,195.53,165.6,
Maryland,MD,24,2011,-4.15,592.54,187.42,158.73,
Maryland,MD,24,2012,-1.73,582.27,184.17,155.98,
Maryland,MD,24,2013,1.6,591.61,187.13,158.48,
Maryland,MD,24,2014,3.34,611.34,193.37,163.77,
Maryland,MD,24,2015,2.2,624.79,197.62,167.37,
Massachusetts,MA,25,2000,16.98,610.28,136.17,100.0,
Massachusetts,MA,25,2001,11.4,679.88,151.7,111.4,
Massachusetts,MA,25,2002,10.8,753.3,168.08,123.44,
Massachusetts,MA,25,2003,7.69,811.27,181.01,132.93,
Massachusetts,MA,25,2004,10.6,897.28,200.2,147.03,
Massachusetts,MA,25,2005,9.83,985.49,219.89,161.48,
Massachusetts,MA,25,2006,1.02,995.54,222.13,163.13,
Massachusetts,MA,25,2007,-3.32,962.45,214.75,157.71,
Massachusetts,MA,25,2008,-4.89,915.39,204.25,150.0,
Massachusetts,MA,25,2009,-5.93,861.09,192.13,141.1,
Massachusetts,MA,25,2010,-2.44,840.08,187.44,137.66,
Massachusetts,MA,25,2011,-2.38,820.09,182.98,134.38,
Massachusetts,MA,25,2012,-1.29,809.52,180.62,132.65,
Massachusetts,MA,25,2013,1.84,824.44,183.95,135.09,
Massachusetts,MA,25,2014,5.23,867.56,193.57,142.16,
Massachusetts,MA,25,2015,3.57,898.57,200.49,147.24,
Michigan,MI,26,2000,8.15,400.77,168.14,100.0,
Michigan,MI,26,2001,5.03,420.92,176.6,105.03,
Michigan,MI,26,2002,3.09,433.92,182.05,108.27,
Michigan,MI,26,2003,1.95,442.39,185.61,110.39,
Michigan,MI,26,2004,3.22,456.65,191.59,113.94,
Michigan,MI,26,2005,3.31,471.74,197.92,117.71,
Michigan,MI,26,2006,-1.21,466.03,195.52,116.28,
Michigan,MI,26,2007,-4.43,445.41,186.87,111.14,
Michigan,MI,26,2008,-6.94,414.51,173.91,103.43,
Michigan,MI,26,2009,-8.16,380.67,159.71,94.98,
Michigan,MI,26,2010,-7.89,350.64,147.11,87.49,
Michigan,MI,26,2011,-3.96,336.77,141.29,84.03,
Michigan,MI,26,2012,-0.62,334.69,140.42,83.51,
Michigan,MI,26,2013,5.59,353.41,148.28,88.18,
Michigan,MI,26,2014,8.03,381.78,160.18,95.26,
Michigan,MI,26,2015,4.94,400.64,168.09,99.97,
Minnesota,MN,27,2000,12.29,400.08,162.37,100.0,
Minnesota,MN,27,2001,9.17,436.77,177.26,109.17,
Minnesota,MN,27,2002,7.81,470.89,191.11,117.7,
Minnesota,MN,27,2003,4.62,492.63,199.94,123.13,
Minnesota,MN,27,2004,8.75,535.75,217.43,133.91,
Minnesota,MN,27,2005,8.27,580.07,235.42,144.99,
Minnesota,MN,27,2006,2.8,596.33,242.02,149.05,
Minnesota,MN,27,2007,-0.8,591.54,240.08,147.85,
Minnesota,MN,27,2008,-4.4,565.53,229.52,141.35,
Minnesota,MN,27,2009,-6.23,530.28,215.21,132.54,
Minnesota,MN,27,2010,-6.12,497.84,202.05,124.43,
Minnesota,MN,27,2011,-5.41,470.89,191.11,117.7,
Minnesota,MN,27,2012,-1.46,463.99,188.31,115.97,
Minnesota,MN,27,2013,4.01,482.6,195.86,120.62,
Minnesota,MN,27,2014,5.72,510.22,207.07,127.53,
Minnesota,MN,27,2015,3.35,527.33,214.02,131.81,
Mississippi,MS,28,2000,3.58,244.98,141.78,100.0,
Mississippi,MS,28,2001,4.22,255.33,147.76,104.22,
Mississippi,MS,28,2002,1.94,260.28,150.63,106.25,
Mississippi,MS,28,2003,1.94,265.33,153.55,108.31,
Mississippi,MS,28,2004,3.56,274.77,159.01,112.16,
Mississippi,MS,28,2005,5.55,290.01,167.84,118.38,
Mississippi,MS,28,2006,8.92,315.88,182.81,128.94,
Mississippi,MS,28,2007,4.45,329.94,190.94,134.68,
Mississippi,MS,28,2008,-0.21,329.26,190.55,134.4,
Mississippi,MS,28,2009,-2.87,319.82,185.08,130.55,
Mississippi,MS,28,2010,-3.65,308.14,178.33,125.78,
Mississippi,MS,28,2011,-2.0,301.98,174.76,123.27,
Mississippi,MS,28,2012,-0.87,299.37,173.25,122.2,
Mississippi,MS,28,2013,-0.21,298.74,172.89,121.95,
Mississippi,MS,28,2014,1.79,304.09,175.98,124.13,
Mississippi,MS,28,2015,2.44,311.52,180.28,127.16,
Missouri,MO,29,2000,6.52,307.53,140.93,100.0,
Missouri,MO,29,2001,5.62,324.81,148.85,105.62,
Missouri,MO,29,2002,4.48,339.36,155.52,110.35,
Missouri,MO,29,2003,2.82,348.92,159.9,113.46,
Missouri,MO,29,2004,5.81,369.2,169.19,120.05,
Missouri,MO,29,2005,6.58,393.49,180.33,127.95,
Missouri,MO,29,2006,4.16,409.87,187.83,133.28,
Missouri,MO,29,2007,1.48,415.95,190.62,135.25,
Missouri,MO,29,2008,-1.59,409.34,187.59,133.1,
Missouri,MO,29,2009,-3.36,395.59,181.29,128.63,
Missouri,MO,29,2010,-3.58,381.43,174.8,124.03,
Missouri,MO,29,2011,-3.18,369.3,169.24,120.09,
Missouri,MO,29,2012,-1.17,364.97,167.26,118.68,
Missouri,MO,29,2013,0.3,366.08,167.76,119.04,
Missouri,MO,29,2014,2.62,375.66,172.15,122.15,
Missouri,MO,29,2015,3.36,388.27,177.93,126.25,
Montana,MT,30,2000,4.5,362.49,172.82,100.0,
Montana,MT,30,2001,4.69,379.48,180.92,104.69,
Montana,MT,30,2002,4.83,397.8,189.65,109.74,
Montana,MT,30,2003,4.56,415.95,198.31,114.75,
Montana,MT,30,2004,9.16,454.06,216.48,125.26,
Montana,MT,30,2005,12.95,512.85,244.5,141.48,
Montana,MT,30,2006,11.6,572.36,272.87,157.9,
Montana,MT,30,2007,6.52,609.65,290.65,168.18,
Montana,MT,30,2008,1.31,617.66,294.47,170.39,
Montana,MT,30,2009,-2.92,599.63,285.88,165.42,
Montana,MT,30,2010,-4.81,570.78,272.13,157.46,
Montana,MT,30,2011,-3.02,553.55,263.91,152.71,
Montana,MT,30,2012,0.89,558.48,266.26,154.07,
Montana,MT,30,2013,3.38,577.38,275.27,159.28,
Montana,MT,30,2014,4.91,605.71,288.78,167.1,
Montana,MT,30,2015,3.44,626.54,298.7,172.84,
Nebraska,NE,31,2000,4.17,314.84,156.75,100.0,
Nebraska,NE,31,2001,3.69,326.46,162.53,103.69,
Nebraska,NE,31,2002,2.61,334.99,166.78,106.4,
Nebraska,NE,31,2003,1.75,340.87,169.71,108.27,
Nebraska,NE,31,2004,4.46,356.06,177.27,113.09,
Nebraska,NE,31,2005,4.6,372.42,185.42,118.29,
Nebraska,NE,31,2006,1.93,379.59,188.99,120.57,
Nebraska,NE,31,2007,1.07,383.65,191.01,121.86,
Nebraska,NE,31,2008,-0.51,381.71,190.04,121.24,
Nebraska,NE,31,2009,-0.72,378.96,188.67,120.37,
Nebraska,NE,31,2010,-0.91,375.5,186.95,119.27,
Nebraska,NE,31,2011,-0.49,373.66,186.03,118.68,
Nebraska,NE,31,2012,0.65,376.08,187.23,119.45,
Nebraska,NE,31,2013,2.33,384.85,191.6,122.24,
Nebraska,NE,31,2014,3.83,399.6,198.95,126.92,
Nebraska,NE,31,2015,3.94,415.36,206.79,131.93,
Nevada,NV,32,2000,3.66,372.01,131.17,100.0,
Nevada,NV,32,2001,6.1,394.72,139.18,106.1,
Nevada,NV,32,2002,6.0,418.41,147.53,112.47,
Nevada,NV,32,2003,6.22,444.44,156.71,119.47,
Nevada,NV,32,2004,27.72,567.66,200.16,152.59,
Nevada,NV,32,2005,25.2,710.69,250.59,191.04,
Nevada,NV,32,2006,8.45,770.72,271.76,207.17,
Nevada,NV,32,2007,-3.87,740.89,261.24,199.16,
Nevada,NV,32,2008,-18.56,603.41,212.76,162.2,
Nevada,NV,32,2009,-23.02,464.49,163.78,124.86,
Nevada,NV,32,2010,-14.17,398.65,140.57,107.16,
Nevada,NV,32,2011,-12.86,347.39,122.49,93.38,
Nevada,NV,32,2012,-1.47,342.28,120.69,92.01,
Nevada,NV,32,2013,15.59,395.64,139.5,106.35,
Nevada,NV,32,2014,18.04,466.99,164.66,125.53,
Nevada,NV,32,2015,9.9,513.21,180.96,137.95,
New Hampshire,NH,33,2000,15.17,423.03,123.01,100.0,
New Hampshire,NH,33,2001,11.55,471.9,137.21,111.55,
New Hampshire,NH,33,2002,10.96,523.63,152.26,123.78,
New Hampshire,NH,33,2003,7.14,561.0,163.12,132.61,
New Hampshire,NH,33,2004,11.24,624.03,181.45,147.51,
New Hampshire,NH,33,2005,10.83,691.63,201.1,163.49,
New Hampshire,NH,33,2006,2.99,712.28,207.11,168.37,
New Hampshire,NH,33,2007,-1.81,699.37,203.36,165.32,
New Hampshire,NH,33,2008,-3.93,671.9,195.37,158.83,
New Hampshire,NH,33,2009,-7.56,621.11,180.6,146.82,
New Hampshire,NH,33,2010,-4.33,594.22,172.78,140.47,
New Hampshire,NH,33,2011,-3.31,574.53,167.06,135.81,
New Hampshire,NH,33,2012,-2.41,560.66,163.02,132.53,
New Hampshire,NH,33,2013,0.7,564.58,164.16,133.46,
New Hampshire,NH,33,2014,3.85,586.34,170.49,138.6,
New Hampshire,NH,33,2015,3.57,607.27,176.58,143.55,
New Jersey,NJ,34,2000,10.58,468.12,120.25,100.0,
New Jersey,NJ,34,2001,9.65,513.3,131.86,109.65,
New Jersey,NJ,34,2002,10.91,569.32,146.25,121.62,
New Jersey,NJ,34,2003,7.95,614.57,157.88,131.29,
New Jersey,NJ,34,2004,14.59,704.22,180.9,150.44,
New Jersey,NJ,34,2005,16.46,820.15,210.69,175.2,
New Jersey,NJ,34,2006,8.77,892.12,229.17,190.57,
New Jersey,NJ,34,2007,-0.38,888.74,228.31,189.85,
New Jersey,NJ,34,2008,-4.72,846.84,217.54,180.9,
New Jersey,NJ,34,2009,-8.47,775.15,199.13,165.59,
New Jersey,NJ,34,2010,-3.91,744.81,191.33,159.11,
New Jersey,NJ,34,2011,-4.29,712.84,183.12,152.28,
New Jersey,NJ,34,2012,-3.59,687.23,176.54,146.81,
New Jersey,NJ,34,2013,0.37,689.75,177.19,147.35,
New Jersey,NJ,34,2014,2.8,709.06,182.15,151.47,
New Jersey,NJ,34,2015,2.27,725.18,186.29,154.91,
New Mexico,NM,35,2000,1.89,339.21,145.17,100.0,
New Mexico,NM,35,2001,3.55,351.25,150.32,103.55,
New Mexico,NM,35,2002,3.16,362.34,155.07,106.82,
New Mexico,NM,35,2003,3.61,375.43,160.67,110.68,
New Mexico,NM,35,2004,6.83,401.07,171.64,118.24,
New Mexico,NM,35,2005,12.28,450.33,192.72,132.76,
New Mexico,NM,35,2006,13.09,509.29,217.95,150.14,
New Mexico,NM,35,2007,5.57,537.65,230.09,158.5,
New Mexico,NM,35,2008,-0.98,532.39,227.84,156.95,
New Mexico,NM,35,2009,-5.11,505.17,216.19,148.93,
New Mexico,NM,35,2010,-4.23,483.79,207.04,142.62,
New Mexico,NM,35,2011,-4.29,463.04,198.16,136.51,
New Mexico,NM,35,2012,-2.8,450.05,192.6,132.68,
New Mexico,NM,35,2013,0.92,454.2,194.38,133.9,
New Mexico,NM,35,2014,1.3,460.09,196.9,135.64,
New Mexico,NM,35,2015,1.58,467.37,200.01,137.78,
New York,NY,36,2000,11.3,439.76,121.58,100.0,
New York,NY,36,2001,8.28,476.19,131.65,108.28,
New York,NY,36,2002,8.91,518.59,143.38,117.93,
New York,NY,36,2003,8.14,560.83,155.05,127.53,
New York,NY,36,2004,11.94,627.8,173.57,142.76,
New York,NY,36,2005,13.53,712.73,197.05,162.07,
New York,NY,36,2006,6.53,759.26,209.91,172.65,
New York,NY,36,2007,0.23,761.03,210.4,173.06,
New York,NY,36,2008,-2.58,741.39,204.97,168.59,
New York,NY,36,2009,-5.73,698.87,193.22,158.92,
New York,NY,36,2010,-3.02,677.75,187.38,154.12,
New York,NY,36,2011,-2.38,661.64,182.92,150.45,
New York,NY,36,2012,-2.46,645.37,178.43,146.76,
New York,NY,36,2013,0.76,650.28,179.78,147.87,
New York,NY,36,2014,2.46,666.25,184.2,151.5,
New York,NY,36,2015,2.8,684.87,189.35,155.74,
North Carolina,NC,37,2000,4.69,336.34,141.26,100.0,
North Carolina,NC,37,2001,4.19,350.45,147.18,104.19,
North Carolina,NC,37,2002,2.29,358.46,150.55,106.58,
North Carolina,NC,37,2003,1.54,363.97,152.86,108.22,
North Carolina,NC,37,2004,3.39,376.31,158.04,111.88,
North Carolina,NC,37,2005,6.56,401.01,168.42,119.23,
North Carolina,NC,37,2006,7.22,429.94,180.57,127.83,
North Carolina,NC,37,2007,4.85,450.79,189.33,134.03,
North Carolina,NC,37,2008,1.1,455.74,191.4,135.5,
North Carolina,NC,37,2009,-2.99,442.12,185.68,131.45,
North Carolina,NC,37,2010,-5.36,418.43,175.73,124.41,
North Carolina,NC,37,2011,-3.78,402.61,169.09,119.7,
North Carolina,NC,37,2012,-2.54,392.38,164.79,116.66,
North Carolina,NC,37,2013,0.82,395.61,166.15,117.62,
North Carolina,NC,37,2014,2.57,405.78,170.42,120.65,
North Carolina,NC,37,2015,3.83,421.32,176.94,125.27,
North Dakota,ND,38,2000,2.93,250.84,141.68,100.0,
North Dakota,ND,38,2001,3.98,260.82,147.32,103.98,
North Dakota,ND,38,2002,3.96,271.16,153.16,108.1,
North Dakota,ND,38,2003,3.53,280.74,158.57,111.92,
North Dakota,ND,38,2004,6.53,299.06,168.91,119.22,
North Dakota,ND,38,2005,8.27,323.78,182.88,129.08,
North Dakota,ND,38,2006,6.53,344.93,194.82,137.51,
North Dakota,ND,38,2007,4.45,360.29,203.49,143.63,
North Dakota,ND,38,2008,2.61,369.69,208.8,147.38,
North Dakota,ND,38,2009,1.02,373.47,210.94,148.89,
North Dakota,ND,38,2010,1.28,378.25,213.64,150.79,
North Dakota,ND,38,2011,3.31,390.78,220.72,155.79,
North Dakota,ND,38,2012,5.34,411.66,232.51,164.11,
North Dakota,ND,38,2013,8.56,446.9,252.42,178.16,
North Dakota,ND,38,2014,7.83,481.9,272.18,192.11,
North Dakota,ND,38,2015,4.45,503.33,284.29,200.65,
Ohio,OH,39,2000,4.68,326.54,147.58,100.0,
Ohio,OH,39,2001,4.24,340.37,153.83,104.24,
Ohio,OH,39,2002,2.31,348.24,157.39,106.65,
Ohio,OH,39,2003,1.64,353.95,159.97,108.4,
Ohio,OH,39,2004,3.1,364.94,164.93,111.76,
Ohio,OH,39,2005,3.53,377.81,170.75,115.7,
Ohio,OH,39,2006,0.7,380.44,171.94,116.51,
Ohio,OH,39,2007,-1.2,375.88,169.88,115.11,
Ohio,OH,39,2008,-2.4,366.87,165.81,112.35,
Ohio,OH,39,2009,-3.17,355.24,160.55,108.79,
Ohio,OH,39,2010,-3.45,342.99,155.01,105.04,
Ohio,OH,39,2011,-3.69,330.35,149.3,101.17,
Ohio,OH,39,2012,-1.65,324.91,146.84,99.5,
Ohio,OH,39,2013,0.23,325.67,147.19,99.73,
Ohio,OH,39,2014,3.31,336.45,152.06,103.04,
Ohio,OH,39,2015,3.43,348.0,157.28,106.57,
Oklahoma,OK,40,2000,4.69,270.25,142.79,100.0,
Oklahoma,OK,40,2001,4.95,283.62,149.86,104.95,
Oklahoma,OK,40,2002,3.32,293.05,154.84,108.44,
Oklahoma,OK,40,2003,2.84,301.36,159.23,111.51,
Oklahoma,OK,40,2004,3.95,313.27,165.53,115.92,
Oklahoma,OK,40,2005,5.01,328.98,173.83,121.73,
Oklahoma,OK,40,2006,4.64,344.24,181.89,127.38,
Oklahoma,OK,40,2007,3.99,357.96,189.14,132.45,
Oklahoma,OK,40,2008,1.72,364.11,192.39,134.73,
Oklahoma,OK,40,2009,-0.21,363.34,191.98,134.44,
Oklahoma,OK,40,2010,-0.66,360.95,190.72,133.56,
Oklahoma,OK,40,2011,-1.63,355.08,187.62,131.39,
Oklahoma,OK,40,2012,0.92,358.33,189.34,132.59,
Oklahoma,OK,40,2013,1.68,364.35,192.51,134.82,
Oklahoma,OK,40,2014,3.17,375.89,198.61,139.09,
Oklahoma,OK,40,2015,3.51,389.09,205.59,143.98,
Oregon,OR,41,2000,3.84,463.7,186.82,100.0,
Oregon,OR,41,2001,4.54,484.75,195.3,104.54,
Oregon,OR,41,2002,3.57,502.06,202.27,108.27,
Oregon,OR,41,2003,2.96,516.93,208.26,111.48,
Oregon,OR,41,2004,9.04,563.64,227.08,121.55,
Oregon,OR,41,2005,17.04,659.7,265.78,142.27,
Oregon,OR,41,2006,16.5,768.55,309.63,165.74,
Oregon,OR,41,2007,5.2,808.51,325.73,174.36,
Oregon,OR,41,2008,-2.83,785.63,316.52,169.43,
Oregon,OR,41,2009,-9.89,707.92,285.21,152.67,
Oregon,OR,41,2010,-8.17,650.08,261.9,140.19,
Oregon,OR,41,2011,-6.93,605.03,243.76,130.48,
Oregon,OR,41,2012,-1.58,595.47,239.9,128.42,
Oregon,OR,41,2013,6.23,632.59,254.86,136.42,
Oregon,OR,41,2014,9.59,693.27,279.31,149.51,
Oregon,OR,41,2015,7.88,747.88,301.31,161.28,
Pennsylvania,PA,42,2000,4.53,324.6,119.2,100.0,
Pennsylvania,PA,42,2001,6.1,344.41,126.47,106.1,
Pennsylvania,PA,42,2002,5.59,363.67,133.55,112.04,
Pennsylvania,PA,42,2003,4.63,380.51,139.73,117.22,
Pennsylvania,PA,42,2004,9.68,417.33,153.25,128.57,
Pennsylvania,PA,42,2005,11.81,466.62,171.35,143.75,
Pennsylvania,PA,42,2006,7.76,502.84,184.65,154.91,
Pennsylvania,PA,42,2007,2.39,514.87,189.07,158.62,
Pennsylvania,PA,42,2008,-0.88,510.32,187.4,157.22,
Pennsylvania,PA,42,2009,-3.36,493.16,181.1,151.93,
Pennsylvania,PA,42,2010,-2.56,480.52,176.46,148.04,
Pennsylvania,PA,42,2011,-2.41,468.96,172.21,144.47,
Pennsylvania,PA,42,2012,-1.74,460.8,169.22,141.96,
Pennsylvania,PA,42,2013,0.78,464.39,170.53,143.06,
Pennsylvania,PA,42,2014,1.9,473.21,173.77,145.78,
Pennsylvania,PA,42,2015,2.26,483.9,177.7,149.08,
Rhode Island,RI,44,2000,11.9,433.42,109.75,100.0,
Rhode Island,RI,44,2001,11.32,482.48,122.17,111.32,
Rhode Island,RI,44,2002,14.54,552.63,139.94,127.51,
Rhode Island,RI,44,2003,11.23,614.72,155.66,141.83,
Rhode Island,RI,44,2004,18.84,730.54,184.99,168.55,
Rhode Island,RI,44,2005,14.48,836.3,211.77,192.95,
Rhode Island,RI,44,2006,3.94,869.27,220.12,200.56,
Rhode Island,RI,44,2007,-2.71,845.69,214.15,195.12,
Rhode Island,RI,44,2008,-7.3,783.98,198.52,180.88,
Rhode Island,RI,44,2009,-9.68,708.06,179.3,163.37,
Rhode Island,RI,44,2010,-4.55,675.87,171.15,155.94,
Rhode Island,RI,44,2011,-4.71,644.01,163.08,148.59,
Rhode Island,RI,44,2012,-3.83,619.35,156.83,142.9,
Rhode Island,RI,44,2013,-0.16,618.34,156.58,142.67,
Rhode Island,RI,44,2014,3.06,637.25,161.37,147.03,
Rhode Island,RI,44,2015,4.41,665.35,168.48,153.51,
South Carolina,SC,45,2000,5.47,316.07,140.61,100.0,
South Carolina,SC,45,2001,5.04,331.99,147.69,105.04,
South Carolina,SC,45,2002,2.67,340.86,151.64,107.84,
South Carolina,SC,45,2003,1.94,347.46,154.58,109.93,
South Carolina,SC,45,2004,4.08,361.63,160.88,114.41,
South Carolina,SC,45,2005,7.5,388.74,172.94,122.99,
South Carolina,SC,45,2006,7.58,418.21,186.05,132.31,
South Carolina,SC,45,2007,3.97,434.82,193.44,137.57,
South Carolina,SC,45,2008,0.6,437.44,194.6,138.4,
South Carolina,SC,45,2009,-3.0,424.31,188.76,134.24,
South Carolina,SC,45,2010,-5.48,401.05,178.42,126.89,
South Carolina,SC,45,2011,-3.99,385.06,171.3,121.83,
South Carolina,SC,45,2012,-2.05,377.16,167.79,119.33,
South Carolina,SC,45,2013,0.5,379.03,168.62,119.92,
South Carolina,SC,45,2014,2.88,389.95,173.48,123.37,
South Carolina,SC,45,2015,4.57,407.77,181.4,129.01,
South Dakota,SD,46,2000,4.9,298.01,156.54,100.0,
South Dakota,SD,46,2001,4.18,310.48,163.09,104.18,
South Dakota,SD,46,2002,3.53,321.43,168.84,107.86,
South Dakota,SD,46,2003,2.41,329.19,172.92,110.46,
South Dakota,SD,46,2004,5.45,347.12,182.34,116.48,
South Dakota,SD,46,2005,6.93,371.16,194.97,124.55,
South Dakota,SD,46,2006,4.91,389.38,204.54,130.66,
South Dakota,SD,46,2007,3.63,403.51,211.96,135.4,
South Dakota,SD,46,2008,2.1,411.97,216.41,138.24,
South Dakota,SD,46,2009,-0.07,411.69,216.26,138.15,
South Dakota,SD,46,2010,-1.27,406.47,213.52,136.39,
South Dakota,SD,46,2011,-0.14,405.88,213.21,136.2,
South Dakota,SD,46,2012,1.17,410.62,215.7,137.79,
South Dakota,SD,46,2013,3.05,423.13,222.27,141.99,
South Dakota,SD,46,2014,3.34,437.27,229.69,146.73,
South Dakota,SD,46,2015,3.55,452.79,237.85,151.94,
Tennessee,TN,47,2000,3.37,307.0,142.93,100.0,
Tennessee,TN,47,2001,3.78,318.62,148.34,103.78,
Tennessee,TN,47,2002,2.32,326.01,151.79,106.19,
Tennessee,TN,47,2003,1.77,331.78,154.47,108.07,
Tennessee,TN,47,2004,3.69,344.02,160.17,112.06,
Tennessee,TN,47,2005,6.51,366.42,170.6,119.36,
Tennessee,TN,47,2006,7.2,392.82,182.89,127.95,
Tennessee,TN,47,2007,4.09,408.89,190.37,133.19,
Tennessee,TN,47,2008,0.19,409.69,190.74,133.45,
Tennessee,TN,47,2009,-2.43,399.72,186.1,130.2,
Tennessee,TN,47,2010,-3.5,385.75,179.6,125.65,
Tennessee,TN,47,2011,-2.67,375.45,174.8,122.3,
Tennessee,TN,47,2012,-1.01,371.65,173.03,121.06,
Tennessee,TN,47,2013,1.54,377.38,175.7,122.93,
Tennessee,TN,47,2014,4.17,393.13,183.03,128.05,
Tennessee,TN,47,2015,4.43,410.55,191.14,133.73,
Texas,TX,48,2000,6.92,277.1,135.89,100.0,
Texas,TX,48,2001,5.88,293.38,143.87,105.88,
Texas,TX,48,2002,3.08,302.41,148.3,109.13,
Texas,TX,48,2003,2.05,308.61,151.34,111.37,
Texas,TX,48,2004,2.25,315.56,154.75,113.88,
Texas,TX,48,2005,4.51,329.79,161.72,119.01,
Texas,TX,48,2006,5.91,349.28,171.28,126.05,
Texas,TX,48,2007,4.83,366.15,179.56,132.14,
Texas,TX,48,2008,1.48,371.58,182.22,134.1,
Texas,TX,48,2009,-0.42,370.02,181.45,133.53,
Texas,TX,48,2010,-1.44,364.68,178.84,131.61,
Texas,TX,48,2011,-1.43,359.47,176.28,129.73,
Texas,TX,48,2012,0.91,362.74,177.89,130.91,
Texas,TX,48,2013,4.14,377.74,185.24,136.32,
Texas,TX,48,2014,7.65,406.64,199.41,146.75,
Texas,TX,48,2015,6.71,433.9,212.78,156.59,
Utah,UT,49,2000,1.6,409.32,193.74,100.0,
Utah,UT,49,2001,3.31,422.87,200.15,103.31,
Utah,UT,49,2002,0.77,426.12,201.69,104.1,
Utah,UT,49,2003,0.35,427.63,202.41,104.47,
Utah,UT,49,2004,2.71,439.2,207.88,107.3,
Utah,UT,49,2005,9.96,482.95,228.59,117.99,
Utah,UT,49,2006,16.01,560.25,265.18,136.87,
Utah,UT,49,2007,11.53,624.85,295.76,152.66,
Utah,UT,49,2008,-0.64,620.83,293.85,151.67,
Utah,UT,49,2009,-8.59,567.48,268.6,138.64,
Utah,UT,49,2010,-7.48,525.02,248.5,128.27,
Utah,UT,49,2011,-5.47,496.28,234.9,121.24,
Utah,UT,49,2012,0.92,500.85,237.07,122.36,
Utah,UT,49,2013,6.49,533.35,252.45,130.3,
Utah,UT,49,2014,6.8,569.63,269.62,139.16,
Utah,UT,49,2015,4.78,596.85,282.5,145.81,
Vermont,VT,50,2000,8.7,343.44,116.22,100.0,
Vermont,VT,50,2001,6.54,365.91,123.83,106.54,
Vermont,VT,50,2002,6.01,387.91,131.27,112.95,
Vermont,VT,50,2003,5.34,408.63,138.28,118.98,
Vermont,VT,50,2004,12.8,460.93,155.98,134.21,
Vermont,VT,50,2005,14.45,527.54,178.52,153.6,
Vermont,VT,50,2006,7.96,569.55,192.74,165.84,
Vermont,VT,50,2007,2.04,581.19,196.68,169.23,
Vermont,VT,50,2008,-0.29,579.53,196.12,168.74,
Vermont,VT,50,2009,-3.27,560.6,189.71,163.23,
Vermont,VT,50,2010,-1.9,549.94,186.1,160.13,
Vermont,VT,50,2011,-1.04,544.23,184.17,158.46,
Vermont,VT,50,2012,-0.72,540.31,182.84,157.32,
Vermont,VT,50,2013,-0.37,538.31,182.17,156.74,
Vermont,VT,50,2014,0.26,539.73,182.65,157.15,
Vermont,VT,50,2015,1.43,547.43,185.25,159.4,
Virginia,VA,51,2000,8.23,341.49,122.62,100.0,
Virginia,VA,51,2001,8.13,369.26,132.59,108.13,
Virginia,VA,51,2002,7.75,397.87,142.86,116.51,
Virginia,VA,51,2003,5.71,420.61,151.03,123.17,
Virginia,VA,51,2004,14.17,480.19,172.42,140.62,
Virginia,VA,51,2005,20.09,576.66,207.06,168.86,
Virginia,VA,51,2006,10.33,636.21,228.44,186.3,
Virginia,VA,51,2007,1.62,646.5,232.14,189.32,
Virginia,VA,51,2008,-4.64,616.48,221.36,180.53,
Virginia,VA,51,2009,-6.75,574.9,206.42,168.35,
Virginia,VA,51,2010,-4.34,549.96,197.47,161.05,
Virginia,VA,51,2011,-2.93,533.83,191.68,156.32,
Virginia,VA,51,2012,-1.22,527.33,189.34,154.42,
Virginia,VA,51,2013,1.24,533.86,191.69,156.33,
Virginia,VA,51,2014,3.07,550.22,197.57,161.12,
Virginia,VA,51,2015,2.42,563.56,202.35,165.03,
Washington,WA,53,2000,6.4,552.42,154.15,100.0,
Washington,WA,53,2001,5.28,581.58,162.29,105.28,
Washington,WA,53,2002,3.68,602.96,168.25,109.15,
Washington,WA,53,2003,2.65,618.92,172.71,112.04,
Washington,WA,53,2004,9.04,674.84,188.31,122.16,
Washington,WA,53,2005,16.72,787.71,219.81,142.59,
Washington,WA,53,2006,15.54,910.09,253.96,164.74,
Washington,WA,53,2007,6.64,970.52,270.82,175.68,
Washington,WA,53,2008,-1.93,951.82,265.6,172.3,
Washington,WA,53,2009,-9.66,859.88,239.95,155.66,
Washington,WA,53,2010,-7.79,792.92,221.26,143.53,
Washington,WA,53,2011,-6.59,740.64,206.67,134.07,
Washington,WA,53,2012,-2.5,722.1,201.5,130.72,
Washington,WA,53,2013,4.77,756.55,211.11,136.95,
Washington,WA,53,2014,8.01,817.15,228.02,147.92,
Washington,WA,53,2015,7.27,876.58,244.61,158.68,
West Virginia,WV,54,2000,2.68,229.82,141.17,100.0,
West Virginia,WV,54,2001,3.76,238.46,146.48,103.76,
West Virginia,WV,54,2002,2.23,243.77,149.74,106.07,
West Virginia,WV,54,2003,1.92,248.46,152.62,108.11,
West Virginia,WV,54,2004,5.68,262.57,161.29,114.25,
West Virginia,WV,54,2005,9.47,287.44,176.57,125.08,
West Virginia,WV,54,2006,5.44,303.08,186.17,131.88,
West Virginia,WV,54,2007,1.64,308.04,189.22,134.04,
West Virginia,WV,54,2008,-0.64,306.06,188.01,133.18,
West Virginia,WV,54,2009,-3.13,296.49,182.13,129.01,
West Virginia,WV,54,2010,-1.84,291.03,178.77,126.64,
West Virginia,WV,54,2011,-1.71,286.06,175.72,124.47,
West Virginia,WV,54,2012,-0.7,284.06,174.49,123.61,
West Virginia,WV,54,2013,1.44,288.16,177.01,125.39,
West Virginia,WV,54,2014,2.65,295.79,181.69,128.71,
West Virginia,WV,54,2015,1.7,300.82,184.79,130.9,
Wisconsin,WI,55,2000,6.54,346.41,162.7,100.0,
Wisconsin,WI,55,2001,5.18,364.36,171.13,105.18,
Wisconsin,WI,55,2002,3.86,378.45,177.74,109.25,
Wisconsin,WI,55,2003,3.31,390.99,183.63,112.87,
Wisconsin,WI,55,2004,7.54,420.46,197.47,121.38,
Wisconsin,WI,55,2005,8.3,455.37,213.87,131.45,
Wisconsin,WI,55,2006,3.54,471.5,221.45,136.11,
Wisconsin,WI,55,2007,1.08,476.57,223.83,137.57,
Wisconsin,WI,55,2008,-1.26,470.55,221.0,135.83,
Wisconsin,WI,55,2009,-3.86,452.38,212.46,130.59,
Wisconsin,WI,55,2010,-4.19,433.43,203.57,125.12,
Wisconsin,WI,55,2011,-3.26,419.32,196.94,121.05,
Wisconsin,WI,55,2012,-1.73,412.08,193.54,118.96,
Wisconsin,WI,55,2013,-0.2,411.24,193.14,118.71,
Wisconsin,WI,55,2014,1.66,418.06,196.35,120.68,
Wisconsin,WI,55,2015,2.83,429.89,201.9,124.1,
Wyoming,WY,56,2000,4.95,299.81,168.91,100.0,
Wyoming,WY,56,2001,5.64,316.73,178.44,105.64,
Wyoming,WY,56,2002,5.56,334.33,188.36,111.51,
Wyoming,WY,56,2003,4.88,350.64,197.55,116.95,
Wyoming,WY,56,2004,8.84,381.63,215.0,127.29,
Wyoming,WY,56,2005,11.69,426.26,240.15,142.17,
Wyoming,WY,56,2006,12.64,480.15,270.51,160.15,
Wyoming,WY,56,2007,9.33,524.94,295.75,175.09,
Wyoming,WY,56,2008,1.91,534.96,301.39,178.43,
Wyoming,WY,56,2009,-2.54,521.35,293.73,173.89,
Wyoming,WY,56,2010,-3.63,502.42,283.06,167.58,
Wyoming,WY,56,2011,-1.63,494.25,278.45,164.85,
Wyoming,WY,56,2012,1.0,499.2,281.25,166.51,
Wyoming,WY,56,2013,2.19,510.12,287.4,170.15,
Wyoming,WY,56,2014,3.53,528.15,297.55,176.16,
Wyoming,WY,56,2015,2.91,543.53,306.22,181.29,
